{
  "controller/App.controller.js": 1668453345893,
  "manifest.json": 1668454753034,
  "utils/locate-reuse-libs.js": 1668453345889,
  "model/models.js": 1668453345889,
  "controller/View1.controller.js": 1668453345897,
  "i18n/i18n.properties": 1668453345889,
  "Component.js": 1668453345885,
  "Component-preload.js": 1668454753203,
  "utils/locate-reuse-libs-dbg.js": 1668453345889,
  "model/models-dbg.js": 1668453345889,
  "controller/View1-dbg.controller.js": 1668453345897,
  "controller/App-dbg.controller.js": 1668453345893,
  "Component-dbg.js": 1668453345885,
  "view/View1.view.xml": 1668453345897,
  "view/App.view.xml": 1668453345897,
  "css/style.css": 1668453345893,
  "index.html": 1668453345885
}